voltage,current,frequency,power
230.49105634411234,10.160917595011385,50.01477450454234,2351.869297113331
231.11711630656313,9.609321152191526,49.985879805650534,2220.0622024320246
231.18137608968837,10.345678190540262,49.98153838070712,2395.449266267983
227.18203140009652,9.704819154097335,49.94269237456157,2209.0405162499314
231.64817316108852,10.374777518722563,50.017945238089716,2400.984106547661
230.60630765675253,9.86294426230964,50.03897543757888,2277.8194228325096
228.7294772308828,9.139476437185168,49.972520972559046,2087.4469762075764
228.50066609810818,9.508791879759531,49.95364312655004,2167.8131465031383
229.33189383588632,9.784792645656358,50.024099481282136,2249.787351682386
227.402516626779,10.684094511874289,49.95061275952681,2428.79903297946
233.44453478197406,10.450571815264613,50.03658598807845,2442.221439788071
232.97230265028668,10.811930706161071,49.97286814631136,2520.9349976790936
230.90340040195187,10.82681760801493,49.96690121771526,2503.1386610226505
229.55320316731581,9.732624597704543,50.00745387263394,2226.3724669570784
229.6057840241252,9.905756570120586,49.96885582144966,2271.4925509780846
231.51613141234793,9.79436003783473,49.9787866675612,2265.9299698317122
233.5156537990039,9.664244697349462,50.01061945798013,2252.595025610609
228.8592065208065,9.07925264533177,49.927126629885,2080.015590452644
227.76482791475334,9.992626140991579,50.04927257737785,2281.903238807392
233.09528154719055,9.357217203144444,50.001309203973975,2187.8491017419005
226.4257228248311,9.982914059232836,49.961211019627896,2258.6925079339144
227.9829383834947,11.057885404781493,49.96948263892139,2522.469036202334
229.5062842149783,9.745327451834646,50.02974939134782,2238.842109451243
226.87913306438995,10.097387002814033,50.018031588052224,2293.9926898851045
232.2242981256132,10.453324192904642,50.041603419718555,2423.125198411409
231.7138105410102,10.140145645982953,49.97951771465587,2358.7146884128683
228.85041354556935,10.146242093971148,50.008897515114526,2326.604300060493
232.5592282383555,9.81879878315596,50.01279703735351,2288.2155139569163
232.89858485680764,9.884061012469383,50.02085802500757,2308.001122726967
229.77365870341987,9.519994738906085,50.03381843370296,2190.1147017070894
229.098663644864,10.423022504444704,49.97848208282467,2382.7639597933703
234.51920405548495,9.129254171692953,49.996574891967185,2140.2905583078714
231.4423236441683,10.485544169191101,49.981695507632594,2418.5434402158394
230.5126493059377,9.298150807627378,49.99842164379931,2145.4167388608266
232.72709189327924,10.481303637038327,50.02095298346189,2438.4372464075527
230.60386127000604,9.823091236893909,49.95037893499218,2265.04015691766
228.98875882816162,9.38406565593346,50.03328114708378,2154.8655529646094
230.1603195209751,10.289649322539818,49.96582453627209,2365.9840056417675
232.07730857463946,10.464383767537887,49.99077889040908,2427.285404868478
226.0156288673016,9.780960675948231,50.037318257748986,2210.7598445806025
229.42393852112156,10.360305274339467,50.009840291539504,2367.702079073041
232.7661147971632,8.857457752665326,50.01018589844791,2060.3857097891105
228.97626319781295,9.3397018551267,49.96458121864114,2126.1410556071623
233.0922171208628,10.646204465234364,49.968677421925285,2478.619794914029
232.82948763871963,9.888165362901042,50.02823769190007,2306.532420398148
229.8689417690221,9.068893336775576,49.98232569363547,2086.8932471319927
228.862921390222,9.650566909779004,49.985152643801,2205.6828344915593
229.42528225170074,9.53829976373746,50.02891853753164,2188.531106587916
235.32922898400287,9.917019134263537,49.96850259363892,2328.3895188501897
233.7488488938665,9.814624508096177,50.00807705398659,2294.1454640772645
230.25078194361348,10.08946586446908,50.001287219785034,2337.7590061148644
228.7836928967592,9.965266974193712,49.9999194282241,2289.1195856600107
230.23408207116253,10.67986962751851,49.98444693104368,2459.1330909814988
230.48765385323352,10.212274299859834,49.9826043445561,2354.6038647049427
227.5132825247813,10.228835805596793,49.96764907508616,2322.2981839651693
230.16008253843052,10.58257856194726,50.01447995078124,2431.6782097474515
232.64480864962346,9.80561562478521,49.9799555242545,2283.0364923304364
226.40128663756704,9.369061278320757,50.029062338635015,2118.5430651698457
231.6531679302745,10.603485162316124,49.99326334875228,2460.851676926449
232.74959594010957,10.067920874054057,49.968246485317366,2351.1529437979652
228.87888530981127,10.069675603949465,49.99286558353555,2306.3992315872592
233.3883515163821,9.683335039234882,49.98767428402591,2260.4862880170494
228.6193258751033,9.691572333448212,50.03027310235184,2207.276835418179
230.8821653237208,10.423361169385421,49.988929994322454,2410.306247965257
229.38645463067274,10.492327899068805,49.99171368856399,2401.079541082193
229.3860072856748,10.39191170287333,50.04234640116477,2381.6690879442235
228.7654018604839,10.396480802722737,50.0152480196439,2383.152988231599
231.39715096172404,10.28451476862988,50.04988118048011,2384.9562073062734
231.6976109154629,10.065761365039078,50.037771350121915,2329.8803226879722
229.8711556008456,9.91231015783951,49.973385122349114,2276.5096129819685
227.28006357265545,10.605161924970776,50.029698525632,2406.84528213938
230.8063403332688,9.813139564754783,50.04575909876224,2258.945561394028
230.8440287188214,10.184989606940373,50.045984393969704,2347.9700559149196
229.56656997722715,9.597993501022877,50.0296428795073,2195.3127965989665
233.73446257436163,9.670350481574776,50.02902568984727,2263.7094856241406
226.8721414701987,9.881922716071387,49.99092016868973,2243.905586463927
225.56543257949286,9.598030811636418,49.974878537469515,2167.7866183624224
228.53833020060466,10.39892591273915,49.98943348043308,2371.7811437243286
231.4208490681829,9.325982874227485,49.950056329957015,2152.251522331482
227.88831072513233,10.049614811690537,50.040283859462654,2290.4573142459935
228.03805816294786,10.06625404842109,49.99150121121747,2295.8095390016088
231.90204267235632,9.09460021084016,50.03873992187195,2108.3200170447108
230.9250958455955,9.779488089738196,49.963055012683355,2256.881808097713
230.7541218192568,10.12784976902407,50.032478747630066,2345.596958256984
231.56285783893105,10.214363996647034,49.98515358025462,2367.397443129638
229.14961409345423,9.897846395699917,49.96146891775072,2277.9410738882552
229.2420318518836,10.338444102240357,50.04881354156479,2376.3507573118604
231.61955854512286,9.945341871381979,50.03321935008022,2312.052048459907
227.3102264384376,10.006826456037528,50.00635377260557,2269.2816738202587
225.7145603072029,10.125826934493277,50.00101813655405,2288.512429220972
229.1334316527443,10.463499814367085,50.01318530056457,2395.378792118816
231.86174657813137,9.662140998792234,50.00583885733752,2231.96395410734
230.5111193979736,9.75658906374085,49.97623172137486,2256.4822824367084
231.71458300824602,9.665551754135393,49.987638431906454,2238.1808316255756
225.96741137915367,9.833901141929033,50.05882153496116,2216.8656766488734
230.63099361664698,10.713117129039883,50.08016470227884,2468.704028885745
231.30772900928474,10.286362659664912,50.04688005515692,2375.3340659591277
227.29840515477864,9.434455127415578,50.01434671820488,2140.9681141278015
231.72411518109308,9.699776517205663,49.989867529018944,2246.564113952914
229.7769622069884,10.1863836121382,49.97605442318309,2349.2503582373893
236.142673403212,9.546746109533615,49.978031527687094,2251.062562524258
225.64552786220654,9.637329979592621,49.9834019702394,2182.916763748541
232.7382287353495,10.672479833087074,50.064534921242775,2488.138236546322
229.21168380694786,9.693312185763407,50.054188468891475,2223.8017655831673
226.76569657111992,10.477333408014694,50.02238835169806,2379.6404086375774
228.94608971287002,10.627661594765469,49.97118160470762,2433.2298432323855
230.55495848267492,9.633268954415518,50.026791677801334,2227.428174357028
232.0749333391301,9.55501872172143,49.99284148914468,2220.3152342139765
233.44392857626434,9.861933956759417,49.935409716840674,2293.885276300454
232.84378617740867,9.455686139663188,50.00861301912204,2203.179021323872
228.069235958591,10.060516939251372,49.97474260877498,2298.414277398486
232.26032938453224,9.897174044073306,49.9757583971273,2297.275897359503
230.78256991424175,10.180290007943151,49.99248776019296,2350.064769868967
228.69079395814202,10.698471728116411,49.98505031081173,2443.5777036683057
229.57617881304503,10.40874249038516,49.99897229542688,2382.7111989112855
228.58031468111056,10.244619887706179,49.997530083499484,2333.9665533655857
230.07418468387291,9.01697579351604,49.94372572721457,2066.8880140720767
228.54068423541176,10.221687991051187,50.04560833966649,2339.4167912280823
227.94401185356512,10.861313830352275,49.97049869831154,2463.320039949228
230.95823825556553,8.494738741843241,49.971428048446086,1958.5974946225967
231.25746109651928,10.344691271487813,49.99014340244629,2388.4587728453685
229.62480599981677,9.920320712621768,49.996749954578924,2276.5409214118004
232.73530260787194,9.575102498488528,50.043769394504956,2219.182219737437
229.47913882700976,10.400564291955977,50.00808270356165,2388.731977506709
229.3944509097489,10.854852950303666,50.01699396452329,2483.677225270178
231.3209779646914,10.387615364418878,50.0082360856275,2408.535372521975
229.73514883011333,9.814404024369237,50.006943847474965,2251.6047407793853
230.1695954580523,9.528265087795923,50.00929188509261,2192.638855558011
224.95912305876186,10.072313816894772,49.94201797572293,2265.8777527040743
230.03341476947594,10.436584646190795,49.99250244545481,2401.9844099582547
226.34560812505748,9.806473486883137,50.034867833317136,2219.8372768382974
227.55809885800227,9.854808504174601,50.1182699303242,2240.405935075982
227.329354922489,11.4110001249192,49.963870732023814,2595.770540071793
227.91483369293235,10.539325972979864,50.01269239880973,2404.3994620197827
228.90229228073548,10.575064339196816,49.98286860266377,2416.8307949228642
229.02701476890903,9.269857046970595,50.0614295571169,2125.1795258970774
231.32855040851425,9.64640566035327,49.959386517176256,2237.447639574017
230.44477562826938,10.03734081972712,50.01874818470947,2316.5822240870084
226.19785114236402,9.499431221057424,49.95778366701487,2153.4128054861085
230.16658927509363,10.800198649444647,49.99044299995818,2486.7044908806843
230.63651049316687,10.705156153295322,49.998970600077506,2464.319107250112
229.34286696749407,9.733227331307972,50.03209075045219,2228.1980387100234
229.8782280461866,10.891959303303743,49.967684995215244,2505.4237444339137
230.38062025079412,9.99787395164003,50.01990149146542,2308.03022079385
231.52919919527116,11.294694858694525,50.00056333170164,2628.9812153584603
226.85024002507453,10.072343065262519,50.00818380158858,2289.8225516918906
229.5113659227207,10.28809637516421,50.028749981440555,2355.382873021042
233.01667219611545,10.69995172058478,49.961523299209844,2489.4307797279653
232.83332261659592,10.638816674903904,50.02431784919446,2488.463621706501
231.70187385555155,10.255366033067947,49.982932854407316,2375.115582276534
231.07364936791134,9.929429840278083,50.0328762036493,2294.6671625095
233.30926949680418,10.25706634999656,50.01003672903614,2388.2665726959026
233.83569600321334,9.591907914061942,49.99371414855449,2250.7559801112757
229.7418400239063,10.076066859432057,49.982299220927274,2317.395806526427
228.06113511342335,9.445346233751003,50.024698849830656,2150.2433768691253
229.459415364751,9.109559179959849,50.03782855056443,2085.3049972199015
236.1933910275441,10.02521338206972,49.98401445377419,2369.425164215251
226.8612873145496,10.631138945335836,49.96600980302656,2412.0148976331334
229.05892172094116,10.46290232079803,50.020826331288355,2400.781674759635
227.17461769501475,9.959043852137196,49.95654407173899,2265.1768220827903
230.24952772575477,10.873494849087749,49.96083462687251,2502.294651987038
227.59461794221028,9.715469304576713,49.968118991734165,2208.4695165271014
229.78249795433277,9.041083669100988,49.98753648550884,2076.683078958655
226.09980967996248,8.90894935289952,49.95991004332354,2011.5583489057224
231.2352413301693,9.409404529702142,49.94183600271855,2175.134949534839
232.44469051293595,10.408312371631114,49.96593667416989,2419.439152628853
229.2321127558731,9.682598658266308,50.01927423339718,2215.0728929346674
229.7297399858486,10.230479320928652,49.961853677836196,2353.3987536380296
229.67318553853738,10.823141691791989,49.98979190966138,2483.9332913164726
230.36182135045004,9.449951518711098,50.058400953870965,2172.6986217723133
229.92366082606713,10.239249865897945,49.99852477609919,2352.4877761386633
231.53623390486138,10.269481536327861,50.010275929691886,2378.9683698599642
232.4660782669019,9.569631005763448,49.97161879945245,2225.029781370243
228.37185755501562,10.677105462622542,50.064904245611004,2440.4609983844366
229.3813430144514,9.856146472225262,49.983761165325845,2265.3078453715557
231.8032388978495,9.808123509543496,49.99315685946645,2280.0794980423652
227.15666190388194,11.055806609208986,50.03951176033902,2512.8275548162296
226.05855743630886,10.26138337118336,49.99454797265439,2314.326510254461
230.45263190579695,10.46264527484275,50.001436663480256,2409.7985862716105
230.99269282214098,10.67744646576092,49.991549350376324,2461.390519668452
228.55539962409281,9.674763000270392,49.99175502865828,2219.7035941637478
228.8426978917591,10.62491054852684,50.01111506032484,2441.370199196128
228.4796153565182,9.749052942501166,50.016588295675945,2230.71142238048
228.26614952131112,9.727688305330851,49.98070254706362,2224.7942474145566
231.3869916412092,9.864000013845931,49.97701758631559,2283.656004718839
227.63900302600473,9.688967582527523,49.98172591733427,2207.4172004151483
229.4689542771333,10.411078216328582,49.957962379574006,2381.0319601067163
228.1893276649703,10.133605327572528,49.95228709224442,2312.0109246946517
227.08942204819758,9.754387792691444,50.00891501441675,2210.712520964563
231.74035634949354,10.337252516577411,50.02815787409526,2396.9653645540398
228.96034955565293,9.862408781306828,50.02613135879436,2257.80251280181
230.37688016084152,9.835964814817661,49.9285402618059,2275.7129972212324
226.98384824039798,10.024341942450771,49.992648047388705,2279.9468486187166
228.51612109248705,10.231730177833109,49.966937241332225,2339.537852215973
231.51217576139,10.19492382468871,50.004312123134625,2358.914297939617
235.17454291169062,9.818375408873585,49.987465294435715,2317.4120562110284
226.04756787121937,10.4235556037197,50.017757357187335,2356.0696195606256
229.59778440942114,9.888802924460173,49.99942540728796,2272.105611725636
230.824561196287,9.67250775569564,49.94311994315246,2232.863606398263
228.76779969352143,9.265989175616324,49.97098742381601,2117.7391861611964
231.69904397398824,10.491589240499511,50.0001735534448,2431.073727903446
228.26653465867938,10.006195038097005,50.00270331287693,2274.2696322118836
230.30769532043328,10.105436179255257,49.95782969576888,2319.6211846457973
228.95585619100328,10.522901457849757,49.95390620889361,2411.028065603896
232.43886216590954,9.761296884201093,50.00168736012719,2276.7457394799776
228.6472709939288,9.312800375762937,49.957889980818486,2131.087496750151
229.29625240742698,10.03489035110761,49.94994111720498,2297.3609065539404
231.89137807499432,10.153980776040148,49.98664578462106,2347.4063263326134
227.94392268181429,9.868575466919813,49.98534661725984,2253.4044395135975
230.13750011352715,10.736868789038084,49.97364798567982,2468.120166401103
226.3549313126268,8.756916716139322,49.97888789129825,1985.3874588848726
227.82413308274184,10.560028318949891,50.00041507169667,2407.778622884291
230.7642625517816,10.395576825182113,49.97839511288961,2401.319121824815
228.01860498092753,10.22838538885023,50.00212091064994,2332.4301761096995
228.9108541363524,8.332049225265452,49.98858594391648,1909.2147267864964
230.98617280409587,10.641944391635134,50.0050295046616,2457.54473421153
228.84162771770613,9.486782944682057,50.0263461669631,2167.7943181937744
231.64568414643273,9.746154010808306,50.02517743536172,2252.837018327609
230.43132557497213,9.914703667604966,50.03864631413198,2272.733264819395
230.871366223849,10.203709017325988,50.02514440690692,2354.838693568636
232.48193119747705,10.319714021096274,50.00715672594625,2406.7439359449027
230.63964612522813,10.446420277159648,49.9869970508708,2413.009076462197
233.0776945809387,10.407926755039258,49.98836717231551,2426.9941190242002
231.82252456607566,10.126463602106563,49.97366668080693,2343.872332195374
228.95309514033107,10.207961329528795,50.00013587873155,2342.131037597222
232.58629615004253,9.454623142088877,50.02092162436136,2198.419231553914
230.52773204180588,9.624486596590488,49.97822997191351,2226.5857387477095
229.210640582679,10.447730111837416,49.99888346424009,2389.825475252725
230.55677139064176,10.418604743364341,49.97967913313835,2398.330024385445
232.22465364878053,10.36189970822221,50.00628062990563,2402.0522211642046
230.91009018848445,9.742791619171737,49.9835184984815,2242.298299618386
233.6447856651028,10.455246065971847,49.97781468286118,2438.128502733943
232.17306111579765,9.419377773759821,49.97960099915204,2187.4418528387546
231.04632006680433,10.538679904931136,50.01509986321537,2431.3622052720652
227.94786383451768,9.869564599377055,49.99709751784009,2230.464290758574
229.64053497197975,10.842085203170317,49.9871473481,2495.153612754918
230.1433282795017,9.239278953967258,50.007842135076416,2117.937940722041
231.3932630024355,10.88170202295926,49.987564513475974,2520.8986795371798
231.2746660825444,9.81926783541827,50.03379553681057,2271.1039627597766
230.33908082043658,9.810260371994127,49.9707840153892,2270.2732207763834
230.24069983075435,10.0974194094928,49.99439085461548,2329.8216987338774
231.44091379015214,9.65146054359965,49.95785704334999,2231.219824642877
228.28282754874002,9.963835499348846,49.989593768243296,2271.06222321009
233.39103163849973,9.631186867364573,49.949610935068804,2255.3462772813846
225.90566622967305,9.649468234510406,50.02238949567678,2172.4901947936332
232.91081896434406,10.243442975150286,50.02299511301017,2386.763092036404
229.90962894314967,9.549217252348242,50.02352510521173,2194.801392868659
232.0051596285432,9.61590288249726,50.00086617440523,2229.222952882822
230.72768086858522,9.313604375126795,49.973603887858694,2150.6739079227564
230.6920688218216,9.74803466001933,49.97598978103892,2249.742081969225
231.10850895205303,10.65580101486196,50.04590516165661,2464.93328794848
231.61810857817557,9.577033179948515,50.043070313113994,2218.9091891919215
229.34233834682553,9.63418336740638,50.00367665470852,2211.614548568159
232.06959826105248,10.096960973240767,49.98453097897759,2343.664502682168
227.83105875284244,9.814601783100237,50.04105870268096,2232.7739810451803
229.98933885334776,11.114077216674826,49.979164905158456,2556.1392773292814
231.67193984854455,9.918736017661871,50.00686547624288,2294.320881258833
231.99003515923178,10.167609173108685,50.04055871916195,2354.882126531157
230.9215776965228,10.47188439239966,49.97490984501006,2416.503315334934
229.21321512408852,10.462288932931425,50.02487670756911,2397.497768070702
231.79341555673741,10.11664379077869,50.01561682387532,2345.1475447671914
228.66126752176248,9.919436256656999,49.99881450373305,2272.7727616853326
233.50281814749783,11.012014268189628,49.970196992026004,2568.8440446900295
229.83065820500067,9.950119862342866,49.9782668071969,2287.8268568132858
226.92074861158807,9.77915494778576,50.00868353218552,2219.683300109979
227.6106330639669,9.67707550585299,49.95729989615356,2199.5621406576765
230.0872872737592,9.136598398646623,50.003922315770545,2102.5838443854063
230.2796505426521,10.410807876118582,50.01623152952185,2402.410806655164
233.93931336990218,8.825965801449588,50.029556605184275,2065.672910501772
227.92300132477155,9.99713857954754,49.958049287766194,2279.7107493552753
230.07892439860785,9.897569682864308,50.03948741891484,2273.6955451389767
227.8811571858359,11.119982596115724,50.0508609048254,2543.8787961452313
229.01469029357318,9.084174385643188,50.012304547031405,2077.1676016492725
233.36794406013868,9.549448356507822,49.96885854255726,2220.1962125639634
227.727327553688,9.931951770659175,49.990156721349194,2266.077754725424
231.17408484813566,9.901235331265417,49.99857208264645,2288.334931373068
230.78581471802877,9.725227704594978,50.008113905261915,2242.9293900185617
229.95165714728358,9.959506045298916,50.000659446579306,2287.477150582817
231.03887324638347,9.370218635565129,50.00843495428684,2174.2433287548115
227.67995923611343,10.17859643949747,49.997277597279826,2319.2353738186566
233.3126450156071,8.83925732896121,50.00795321283537,2065.0592635017556
233.84969099024704,9.98711532206137,49.98618429736516,2336.2969100659243
230.09420939551862,9.699821652868213,49.98985439849053,2233.22304256147
234.8462122612271,10.508143971378317,49.9827192448857,2474.7909326266436
229.20194413690015,10.877655535316652,50.05751778603512,2491.9255230399513
230.80086398771257,9.834473915624821,50.04391702358523,2262.5203888632277
232.86377812754904,10.695362964570716,50.01665882570041,2494.9029016465392
229.08199107955417,9.841941859684795,50.03975926991803,2257.095145367015
227.2369018822411,9.516936738435454,50.023953840169334,2163.1391189157785
226.7765658687623,10.87295181609281,50.00543813478542,2468.0844399177886
234.12165312780533,10.260388222367004,49.95483285976941,2400.325331252156
228.94195069872245,10.002219261304907,49.992135082396246,2290.0310519137515
229.628526473163,10.343588737549323,49.98994886323945,2374.524538978556
227.7744718433579,10.137107517565084,49.966007744807236,2306.016869547366
231.89667855865838,9.965390296029241,49.955415131761804,2316.8867741053914
228.43688028155083,9.336782586346002,50.01478158039701,2125.8041927549016
229.01747394467736,9.864731631419367,50.00973512967112,2271.000330228884
230.5990408388323,10.311627711729237,49.964978090597974,2382.238270857918
227.87190814550885,9.938614287156595,49.97762364480691,2255.8411242630777
229.64283546097155,10.451162880565192,50.03483666819462,2398.9138461099915
232.80441917900654,10.191827511933395,49.97366910459451,2371.8597547087556
230.85650879503373,9.560931840957297,50.00512396711802,2209.162778775387
230.26108458485672,9.340414021083937,49.99430665101296,2145.7869716126916
230.42972941892774,9.921410750034916,50.01519090413186,2286.348121301428
229.22172980804686,9.737885775947706,49.97431677042031,2231.5294252452945
233.99230463950985,10.168160904810843,50.0027025043262,2375.583312249186
228.37568573893188,9.640931170618636,50.00506167732038,2197.370506094518
230.42185232392785,9.692303837122562,50.006905424186876,2237.912626669606
230.23005113268562,10.526534858797456,50.00237221573888,2415.041746090723
232.01752501426628,10.07410148431395,50.01033827961783,2339.757487813549
232.2063478775873,9.648636467286353,50.06575310996153,2244.4621876014603
229.93596239102587,10.00882090436751,50.07683893330314,2300.295075353469
230.5813329862261,10.68945562150084,49.9808235157764,2465.050790301397
230.65706950782788,10.14689334413736,49.93045271058943,2346.2701583656944
225.4557166888588,10.296475404712565,50.01786485902166,2317.874984185058
226.82202079504444,9.623882731736279,50.00558757379704,2179.9002669625097
228.78987261855605,10.5132096885673,50.03183125577551,2402.838487053986
228.87680264724625,11.159051130231902,50.008546576991456,2559.8745712607333
227.60143515607174,9.604266178743574,50.00175811818577,2192.406234637382
231.49916514274727,9.409053012814006,50.03386719787632,2171.208466077975
230.00423684203494,10.087771121917575,50.03806341765242,2325.261302070329
229.57061090522632,10.437752524922205,49.95840319823657,2400.2957651556953
227.48768945098521,9.954305163974869,49.975501814385815,2272.2498558949023
229.91091027151043,9.47339680197867,49.99683221122134,2179.962822266764
224.74663048800278,9.945707919109806,50.002953128717735,2235.0430420363814
229.67408737838832,10.299046136388727,49.99322050389943,2371.1501056758552
230.1263673376155,9.79648408652697,50.013026215335856,2257.9238144707188
230.483829968643,10.303627508877462,50.02988314367951,2386.044022887089
226.87179647304143,10.582355392619956,50.05168129132162,2405.631518064676
230.44963347338296,10.120115312885224,50.01736739071319,2332.94460444489
227.9171374602709,9.986026114360854,49.97442998964641,2270.1159646867573
228.37506033541533,10.414671962613141,49.995578713244065,2375.546751949364
231.43586277164533,9.571949586281384,49.997739432762216,2208.112636017586
234.02822744671948,9.522645083153538,50.015439207199435,2227.492439234337
230.10271751760536,9.866713857535508,50.01164504100302,2274.988009553699
228.36580908271952,9.754060272592767,50.06151189953334,2227.4755105498566
230.37734089501998,9.598329012354762,49.98615460594235,2216.346141245614
231.8780583149983,10.915234237499387,50.011542516013,2532.6911897119444
231.24199513174548,11.085996604747146,50.07064134193232,2561.5325114567163
235.48622574492748,9.823147478872208,49.98244379309289,2313.654050511266
228.56932486181066,10.045859474874183,50.00435446088511,2298.5358012838915
230.5044629598386,9.906078589968104,49.971653584966276,2284.091442410871
233.0978359068364,10.553749620059078,50.00246260698882,2460.809618282627
232.97231847403705,10.652822780920024,49.976593485555874,2477.967571026043
226.09984414695123,9.111368100655177,50.03140402710474,2057.9140261974276
229.99328475992004,10.238005400032813,50.004419565770945,2365.964795324119
232.9690415316974,9.346589329419427,49.97193808220053,2183.608290117352
235.7812859807983,10.87913607893764,50.02521703093375,2557.7274905679674
231.40759176750163,10.220124015105199,50.00538998116615,2353.179441113172
229.26427341260703,9.588325230818683,50.028584563316706,2198.6413793946567
227.9815936951252,9.879339306031074,49.96557012116157,2256.774884115987
234.4374867150617,9.855511370866921,50.01106473236746,2307.9016068906426
231.45748317293152,10.262556471442908,50.02320025083934,2380.453785441246
228.30386614622915,10.52095630208874,49.98729867529293,2402.273272147429
229.59368726733243,9.425896354014146,49.96222991819096,2163.310993319178
230.62037303365742,10.919377250456057,49.998751775138885,2522.011430676284
231.08761330777622,10.802845053910422,50.03684345881343,2493.7443014773635
228.20076268490843,9.562338216204477,50.033777909919024,2180.6993423798904
228.77161916374902,10.036400897181155,49.987147146957334,2299.3945201352885
226.69413087525407,10.855404272057157,49.961507436908704,2460.6994570681873
232.07952457920956,10.61645929333874,49.98706460838951,2473.4067068794748
229.31676306645937,9.831628484976052,49.985945670478046,2258.0263469109864
230.93264329836657,10.407169907283937,50.013393403499144,2406.4993250859598
232.84451701715264,11.498599145859568,49.996849954912875,2677.1382412611897
230.4397402847479,10.052579990925606,49.97740207364789,2320.8876956840977
229.77405904810186,9.68367587427999,50.03312789201782,2223.444473275482
230.38784295376786,10.086209926045699,50.004212776023344,2325.1520371965485
230.12638720770045,10.123276047748659,50.013062469581925,2325.0514783396247
232.49232999575588,9.737731630499951,49.94825043697606,2269.1451226094573
230.62167679507758,10.22081253390711,49.92727205387908,2358.5939482641124
228.91119796084217,9.372799470136249,49.95687362655667,2155.4513202741246
232.0956981137795,9.66723306649566,49.985583697231796,2255.684699315272
232.4609687127167,10.379122388077398,50.01729068052841,2416.557441977483
227.32333874635907,9.122564574228875,49.92973259388778,2074.113963499005
233.06556776953622,10.451583795997388,50.04778556193116,2431.173988944388
230.72942354641697,8.994009317147148,50.0051169808031,2079.706334132759
230.5665399002932,9.134337710561843,50.0408088497885,2107.124063024486
232.01324926319302,9.750510628472057,49.97342089752578,2264.9378270828724
228.86604721799145,10.143431921409675,50.01511579802518,2330.13610601511
231.90832902838184,10.662631801563695,50.00255587789913,2468.6310077022044
229.2464490605243,10.028811381579798,50.02453058939164,2294.4478766825328
227.05009864057934,9.876723196212005,49.99298625897201,2241.3288462537803
228.00448744178613,10.289790623992403,50.01419645627023,2350.224442855443
231.13404366580644,9.564550589766032,50.03306585956314,2213.4675898598693
228.10906332001068,10.069707579673203,49.980464711183245,2292.5131213471873
233.22015224637929,9.40027687102232,50.00726732697469,2196.1167675214556
232.37856690687929,10.041295258437707,49.94336413288333,2327.3757379501303
232.66687833206592,9.935081837075298,50.0210750905719,2307.375768634172
230.24955715935482,9.597866039275292,50.05863987630387,2209.327118632001
230.51572323458993,10.08252031826887,49.96266691856754,2321.41230696332
227.61257629151146,10.079274826579821,49.99725856218716,2298.6190078712652
231.991567020315,10.587727006169567,50.02641443902743,2457.695271759592
230.75966691007417,9.197183298468605,50.000942524204,2131.1667603536494
231.13461125058453,9.961975546151479,50.004952986544794,2301.3214183207797
233.37662362290575,9.61986880014826,49.98827001675429,2244.441489518731
228.788074032105,10.434881029088146,49.98715543240736,2393.4282464445355
229.74771690024536,10.376956032596066,49.99739917539244,2383.6273528475554
230.65334184308435,10.253939922534311,50.00125014266418,2372.575536429294
228.1291291890826,9.648083370965269,49.96455676215268,2203.7129988138977
229.62480235744633,10.442735291470047,49.99801934042162,2386.1470950255125
230.98589962093394,9.234934535628334,50.04705601816128,2139.0275137232898
229.34915745725434,9.132344648203615,49.987425986192335,2099.059184740364
232.61797881945822,9.362064500049039,49.96288235051376,2182.5411846093616
226.97815087636602,9.983262594836548,49.99545751796041,2256.427591596465
232.2455424804667,10.337582200494147,49.97856161563627,2397.5424362838244
231.32237094963202,8.511983762995238,49.95984974524034,1966.0687413730452
228.8623428248868,10.661371415939893,50.00417505385198,2435.7808331404826
228.15118286354001,10.065556098089218,49.97869153888547,2305.178142617843
225.8394347655151,9.216113826205113,49.9812585749944,2081.303098055693
228.40964997517233,10.05047348514479,50.00460282141156,2295.442326113526
232.094353310006,10.54626270733921,49.95400476213913,2450.488064448906
229.88782854744264,10.299720507653129,49.94775291049247,2370.626890489388
232.32596176078368,10.549536531276983,50.02012616583506,2434.256757206318
228.7602578587509,9.316876685301445,49.94207499197828,2128.099325281996
231.41421232021312,9.792997382430798,49.97069966914078,2259.174832620176
228.56500279583116,9.537653884738234,49.946004813938345,2181.975417296638
228.06884998758034,10.858790102522159,49.985415905994536,2475.107308867078
229.78574556565866,10.319681421743315,50.01284176242954,2371.3926273178704
228.67006697736,11.42350479447882,50.003370138461975,2601.821007725212
226.9143557019256,9.766195233291386,50.07175620168372,2214.5406378980792
229.63537059856603,9.637662894158847,50.03260746853367,2218.7239416633797
230.21287083286256,9.928586680702425,49.9720652644953,2292.735690492938
232.53671722299214,10.689178610711274,49.96408834985521,2489.220821042727
231.87361135426613,9.816940155312327,50.08120063822926,2269.612039793739
232.43988639846566,10.062218798953472,50.031877160172,2345.158003560211
231.44071499678702,10.048345351443409,50.01768108821809,2329.216243947704
230.66522551789996,10.019748380601095,50.00224555436647,2310.621574673642
227.5421101870562,9.67380076976876,50.00820564702425,2191.071859109804
230.29974439587056,9.931354466044816,49.955537801735524,2291.9563697882213
231.19358755466163,9.909948699324321,50.0047111751059,2288.1557606295255
232.91487589874086,9.996217670162675,50.00213694192377,2329.998627208014
231.37257708346363,10.471758409076354,49.972875834706954,2423.2196990066104
232.48076686921084,10.880314017312246,49.983844206392945,2537.1557214447666
227.93600421726953,9.579782618665147,50.04545529180331,2182.950536438597
229.3471647477038,9.804003187606142,49.996244752391156,2248.4447663044893
230.85870142732253,9.587494050796908,50.06213513907599,2221.2495034615476
232.32190538148512,10.093550768611136,49.94777961690538,2341.6618354097423
229.70954270832215,9.730825271244512,49.98433609441323,2239.3350374892007
229.8351080817017,10.119898416870994,49.95358164346259,2324.914867802994
231.37428061200595,10.551813455222394,49.96371732638325,2436.4055375441417
227.74825834570976,8.737084157097696,49.97515382883022,1989.8615047324984
233.21480909964686,10.245889944800345,50.009459288803114,2392.9517931006435
228.24172781378462,9.76990647555106,50.008004785132414,2236.66888375874
226.1628211528814,10.230211133992194,49.979621290411174,2321.066880980021
230.02013401704517,9.551765281124899,49.9331660132799,2195.624509692581
233.39691740475112,10.598130494153438,50.04433078619096,2468.6347414285433
231.17290626066722,10.456640309020141,49.99142705851891,2415.69823546074
231.50218108600725,10.284176074271322,49.966511294890964,2374.901538099692
230.08277152461423,10.39661285890505,50.0082479234321,2390.9945700482344
229.69524500545765,9.627189766413913,50.00613335511569,2209.61138569238
226.91018126081377,9.690188122655355,49.99031970605,2202.4397943838953
225.48122748419163,10.376218100408739,50.00445593046925,2328.612718024278
230.39254467688173,9.616135428615694,49.96534910478776,2211.8178716258535
232.62509838868044,10.722817523329043,50.02279738529529,2490.768889846076
230.68826740965613,9.838204464359483,49.97009398715729,2275.4939785670736
231.24719905410402,10.25094719493031,49.9818329103409,2364.9336045921536
233.1674350912791,11.049624759627545,50.019464054484544,2577.545950721691
230.65753370288212,9.646888322965962,50.03611876895031,2224.486826410362
229.75468979938475,10.034380875422391,50.04757323704139,2310.6612779957322
228.36295038869986,10.527091582318654,50.031673947154,2406.9768520728876
234.04442512594417,10.475638694438265,49.990277834485944,2452.371054726002
231.05309555830735,9.83609234488032,49.95376900792699,2269.8862501090275
228.11279656816134,9.741634781239073,50.042151667568085,2212.9298405785644
227.65766466439752,9.883432033727473,50.04112087966715,2251.2744839461307
232.50612745385783,10.723928883075683,49.9798407153994,2496.031624687151
227.92511660718336,9.860447071820026,50.02763567113474,2239.569210581166
233.70766831500444,10.039057846241732,49.990034666182076,2340.036330502963
224.4870744058186,9.786606764538288,50.045038306505354,2198.228370798253
232.84519039557995,10.352774282397993,49.984554060127884,2412.2894073384637
230.97378962232392,10.077762518791829,50.05935953862645,2322.745763328705
230.23718884611375,9.498283094620886,50.02358361642795,2183.987675002238
229.64908312991648,9.515587942982503,50.05392634534058,2176.063602355168
233.78145969718807,9.000697216722246,49.98608608191051,2111.0824531368107
231.4141177168024,9.584339295437191,50.01215088813333,2211.4520499152345
228.1935927822091,10.396972901816087,49.970921624049666,2375.2338974809254
226.56218008794224,10.661880269006135,50.02531967756357,2415.404034101879
230.35459442629463,10.342779181608591,50.026971245985116,2388.9546717182943
229.99785773292518,10.277316100320341,50.07191071754603,2359.7994158539054
226.960263925249,9.936736975235675,50.01446119391659,2255.5507100069713
229.88921294903534,10.387457277456994,50.021722826075184,2379.472243510131
228.8521307338516,10.143139111540941,49.98587508870489,2311.5863638213123
230.0185801366134,10.902224485993562,50.01624138117906,2510.695864518186
231.4518472232968,9.950777342911627,49.98860326373937,2294.200668129277
232.98521989492806,10.671504041868065,50.00347582276526,2485.161628132072
231.81777807273858,10.43705704090893,50.005235469846376,2424.551850081805
228.55711850033958,10.36772164310208,49.989430853799526,2373.3500084414904
230.7378302576584,8.99425433726909,50.00188835289626,2071.99180312726
230.12621424298405,10.464594780773856,49.988741144908595,2400.2350648043366
227.3357420907382,9.936246010545423,49.988608066248986,2261.411334711758
230.79646556938454,9.778036752782555,50.03229993954507,2263.4476066640564
233.71334467583543,9.258543479411044,50.00526240925479,2160.533973006474
230.06485320837402,9.997206433015908,50.010411988166005,2295.9892662135817
226.8116346405492,10.016775798409121,49.956280856930434,2269.29678285072
230.06053734221723,9.348499039092598,50.01270374995491,2153.5787558308803
227.5725756020535,9.263359913553154,50.015912703919255,2114.2292622881814
231.72721101377257,10.243309740064056,49.98804984131934,2367.455563558353
231.04972998345025,10.435852565530688,50.062550890287824,2403.709508366339
229.65817989305052,10.095141454961212,49.93132318207448,2330.1317939189357
229.33767146828836,10.575417324842181,50.023531014073114,2424.4549701452506
229.5755313967689,9.956807507824252,50.02138414414865,2287.1038386025425
230.01654898868463,9.9728243627999,50.01624748795998,2290.4549893984226
228.4555299573169,9.541485985629604,50.00528638116916,2182.2550489745868
227.22449383799713,9.219879011223142,50.01652037967875,2099.7826459462594
232.2773978933893,10.927331066929792,50.026045264386674,2539.6710070039103
229.2291980470061,10.565649525124874,49.97822337248504,2430.659657875178
230.33408620833828,9.30374371643076,50.0089758686654,2141.335584290943
230.57056390233498,10.07787595391564,49.9945004947393,2322.3471292669346
230.64404095931042,9.949976844448166,49.967186947993234,2296.05989861148
227.65236400580315,9.863003763418478,50.0215150992384,2247.66093116788
226.6483196708963,9.79549107609253,49.98306918725948,2221.2713290579445
228.822614950616,10.19063457348399,49.95506423975662,2325.4255759759867
230.7914230648339,10.409087762735737,49.98382668017895,2403.890753399507
228.54410026505138,10.201195584514103,49.976033033057206,2329.5521985665737
229.29015729260152,9.939740812810403,50.030854370275705,2276.1798493466144
234.25459482749915,9.92138664155444,50.00459579421674,2324.2928181180637
226.30915223039094,10.468407158461334,50.041471482370696,2364.288735797294
228.489932008179,10.231722469058031,49.98000331306301,2332.168614662261
233.79320813714784,10.036344731517717,50.02622509615689,2333.3518879518697
229.91080265600957,9.982049351199946,50.08518868744424,2303.7171651288286
228.58802966900217,10.172635254806144,50.010680974013816,2328.1213060330792
232.33753783402224,9.765825655720276,50.0258494658697,2268.384067159843
230.11046087296222,10.410769408654104,50.02080552992676,2392.290830483099
229.303383209912,9.462070719081067,49.95733774017722,2155.3046666465016
230.384737854075,9.79427174511676,50.01757451892402,2252.808084089191
228.68378238123447,10.305553047723013,50.00919368961949,2360.2921821695772
227.96501787422383,9.433558593322864,49.99220757849805,2155.232224862354
229.7728061447305,9.21349572867525,49.973478908773856,2120.2222279482176
227.97800607984797,10.03153883771462,50.020819497209814,2287.762181913497
230.02138662359297,9.151770922776764,49.97082788781168,2111.6224084482474
230.70881313494868,9.35059822297407,50.064009368140454,2155.622732013665
231.70612091210322,10.378297059253216,50.00342507250464,2410.140897853723
232.25584997103365,9.897607371197132,49.96330078856641,2296.8543004583566
229.1885269967355,10.642743474854493,49.98458011165015,2434.7889936616307
230.99882921587815,9.397592829531273,49.99165596985131,2165.8043761671433
230.98504689241273,9.953023817183858,50.072371299617714,2293.6771910276493
230.65563743163196,10.19979227660388,49.97346233159571,2355.9349293743167
229.0410811780991,9.414742534935545,49.99651348210246,2152.649081359589
227.94386437507177,10.515880952249812,49.98386514890405,2391.8653973388573
231.00400377813313,10.25533944158302,50.01497775456745,2372.593147207788
226.5862748756139,9.195356456656283,49.984343497588846,2085.181417619533
229.46432113486338,9.9811291018957,49.96582830001581,2295.125973440154
224.89273796870282,10.192978368129316,49.99414116260611,2294.889810820726
227.32719515328347,9.704971663235971,49.99101818470003,2202.4384293445432
228.24573212310514,9.260067547245594,49.98223266867128,2113.95140891282
232.19344841525856,10.139229394723705,49.98383568923309,2354.8883023881
231.37621604880854,11.10562147514128,50.035540873936434,2564.9808804962063
228.8921306323155,9.806507950421155,49.990407793571976,2239.1093739641697
231.4587395902595,10.784620590642355,49.96597617012565,2492.791080823651
231.7752459267608,9.623855589119266,49.986136521086,2240.7544077151097
229.67867030325056,10.107772817504976,50.001630069783964,2319.4760999807754
227.23124371157263,10.38576126543806,49.95991191090346,2366.1337831939004
229.58417537986776,9.995793167014318,50.048779338800195,2292.5326289693
229.80421518965574,9.851132175559384,50.02602738432519,2268.27589243169
227.53509121833955,10.363063760675187,50.042905182308566,2362.473116364487
230.73409358585994,10.94572755763461,50.01176384376463,2530.3154791883503
230.5596237086047,10.150293462319565,49.9371890764961,2342.186977914354
230.89008539978838,9.741969911734826,50.04606001149916,2256.2110977765283
230.5578461943349,9.905124221370158,49.9740929492087,2285.5958766132057
231.45968607022996,11.259853822822688,49.976534397679934,2614.7698796739196
229.64134394425395,10.067453558169063,50.00468975431866,2303.8039661783628
230.4035702147419,9.702793150711013,50.0413468954001,2237.2996142172956
229.20451943150894,9.42746604175873,50.03159861401857,2162.2344415208577
228.8310015687561,9.087049452943697,50.02718843360528,2074.716028392896
232.67649926152416,10.181792136923095,49.990645188413765,2371.9616717365975
225.912462596947,10.327320996412253,49.99017177421724,2325.620104950765
231.75351997830853,9.801651910017396,50.0103783100394,2268.296410119841
228.7589182491087,9.992514790984522,49.996097874761496,2275.881435109349
228.49992364471376,9.414769145355688,50.02667953721988,2159.0671634311957
230.52315496813083,10.06646423241375,50.02490352993485,2319.3953467601345
227.020780775298,10.240747660283562,50.01774023963518,2335.6969497344617
228.3679538561076,9.732417866416181,49.92422116154692,2226.587103858685
228.301720706974,10.845226334792919,50.003839650910315,2478.2243247565675
229.55720348362982,9.581446836626544,49.996734383578016,2196.5590026716554
228.3917246236786,10.141738302009491,50.00504076805279,2311.0573512995284
233.20223737127853,10.424158609852302,49.97737026084361,2433.551968400118
233.5940330329959,9.961355249925308,49.960256422688026,2326.5555772580947
225.95601295450388,9.905761590552753,50.01389415439925,2231.5700427017387
231.08864540953147,9.28556692477517,49.98931096046804,2138.204790423301
231.71732687815515,10.678670747858142,50.017240789811225,2469.639521659921
231.08597040478222,9.915053399166203,49.97987256866946,2300.3345724878873
228.68377301381662,10.268682712467413,50.04247731921478,2359.347496158857
229.51180887568293,10.33636024393007,50.03003194527712,2373.34168251163
228.5034506904446,9.685850753991124,50.00890481325638,2213.995034140823
229.15947193768235,9.901235697854393,49.99360134759842,2267.280342191695
227.58006994266566,10.667241175371752,50.025572266333945,2422.979066044839
229.7704223567309,9.441401167129778,50.011776434457126,2176.230629098777
226.99439657738986,11.063959037378629,50.007157525637915,2520.8245874162067
229.59973089154371,9.627563607361862,50.03128596228679,2206.018917962307
227.50283662180047,9.410241271679745,50.0427960846322,2140.4423907105574
230.4136327235828,10.066154510344267,49.96242766446543,2317.1298967817497
228.64116087811422,11.104174132169936,49.968488476779505,2536.770068797736
230.58116069574908,9.044517032203897,49.976592178235634,2091.4247764951956
232.16316145672957,9.929492140755153,49.95492726207069,2298.7024793306355
233.17889387220941,10.238132508628278,49.998117544232926,2389.6487621337315
224.943990821959,10.016824979267765,50.01800349365733,2256.8657767381073
228.33161181225245,10.190960835001505,49.99935745115143,2326.2077575034227
229.39382784577597,9.640983458913864,49.98397635075161,2216.0474389729943
230.92065563676297,9.70013907703431,50.033793732713875,2240.700734639235
226.69929099169093,9.9257886764204,50.0042166920962,2256.254905083639
228.03581518639956,9.435055956048625,50.01028948902099,2143.9196497422136
230.26071440531422,9.977656799279906,50.034627044146994,2295.7185063881975
230.16977648305334,9.80562735316425,49.99630274183447,2256.599990439674
230.7552368128402,9.764977407422565,50.06180642217874,2239.958637199472
230.88735145377623,10.160253206299318,49.98656554988385,2340.4441892342948
230.67718886623172,9.089670253400348,50.059938446135384,2092.7115855036063
230.38731063326298,9.885454948308423,49.970757944542626,2282.2244099011764
230.11147954665273,11.15867688280743,50.015524547086414,2564.2054305542756
231.32952617944872,9.456945156837188,49.98072403493581,2183.5802472996493
225.52135466687156,10.642750248242207,50.03358698350943,2404.254882268047
233.08866697394248,10.02732806045635,49.98565302176425,2329.1669776932285
225.59103589823934,9.698521095559292,50.00872613571932,2177.5432002909297
227.84167636619102,9.339679170235097,49.98048374011875,2126.1601973684137
229.54647840669972,10.069840982642615,50.02811675521,2304.258001840681
231.34522578217968,10.726698552907338,49.980327462180824,2474.52210214643
224.00946621840077,9.805394427401618,50.05050244534228,2199.368340701558
229.94375135211632,9.959519287631613,49.970120086791155,2294.509095851333
231.58479007883147,10.505185425095165,49.95963116245016,2436.785482489124
231.98903623205695,10.17043539567314,50.02854656234237,2364.9733888041465
228.6053406830051,9.213862110137711,49.98225069079209,2112.5437582943377
229.39832942608993,10.049443607927591,49.99978288059651,2294.682624276152
228.76770374221474,10.756117455332799,49.99033276538493,2462.9043512376857
229.21465069294783,9.981529406766251,49.96062175198542,2285.2647353554653
227.93634689854312,8.629255285261312,49.99769019007585,1963.1838049474568
228.22149567505815,10.194107495795537,50.03794747684917,2329.3165329238227
230.86875384405673,9.900771780227982,50.030094110099164,2277.1273655961586
230.26323074654547,9.08545279303939,50.006953782878774,2083.2901698911137
230.98317301518094,9.160395954973108,50.033368048791054,2119.065187475526
230.42802877940167,10.487553571644405,49.96821444245917,2419.065226319948
231.4086772022952,9.63380862720246,49.99023637013285,2230.0305741203383
231.75642799630998,9.546251809632004,50.01187414822191,2208.0056531300074
226.51656676026778,9.982180719534165,49.99608755519549,2264.848453542329
228.29138069917127,9.67789850084003,49.9925953000857,2212.7823254835125
229.5372480850199,10.050024313888873,49.96398068803037,2307.2814467728294
229.95464494902532,9.898639985281665,49.93755975834072,2270.3516380873216
228.65981885236394,9.400002209953179,50.02453599274849,2147.276560811067
231.8240473419766,9.744401100719308,50.00729664719756,2263.1756704799845
233.9598967365812,10.221376660654553,50.0270599513463,2398.028184146449
230.37232391116348,10.020959020119312,49.98688292173525,2306.9189342665395
230.16868206439642,9.959028758804084,49.97861666345517,2291.0081592163165
231.69891251020866,10.968692120589692,50.0001964389991,2540.6255904598006
226.26832048959312,10.365518762692767,50.02562598945838,2346.7629864824125
230.05693788087683,10.426220632410672,49.99305643355037,2395.7190558625184
231.95807165093504,9.917015796102538,50.024053555529854,2285.860935307949
228.71369200559778,10.110072595175637,49.96981075983221,2318.275874695471
227.54687884019606,9.784450005237154,49.9951565860049,2235.3945045954674
229.62838877980045,10.388774882762064,49.99789657567766,2382.4956384266843
229.87862913359615,9.944800047950478,50.03679169831766,2280.7637351859835
228.18269543616907,10.111188874465277,50.006228821940475,2306.5128288277406
234.1923225521019,10.080305651077584,50.05238232554883,2359.7926730422932
229.0426072379841,9.990916559297272,49.959569456001574,2293.3231703244114
227.69268129714686,11.469094033577885,50.00389756713234,2611.7019697626833
229.8127573618588,9.66669036125264,50.005381941175415,2217.5656523309162
231.81572127540898,9.662144234920653,50.018602795927606,2233.2448876323756
230.03482849799647,10.347048373405878,49.97559920190653,2384.5096689609927
230.971187840088,9.702415500462411,50.05053339018232,2243.975989265706
228.25697881133368,9.854296819325553,50.000388918244155,2254.614819679845
232.97537689280702,9.456794523322191,49.96738797461195,2198.3593345152153
231.1234220558369,10.245778959701294,49.99951925028759,2377.2316792914976
232.09540313775523,10.252128622242076,49.9906051543136,2370.7534530641074
230.73032126495033,9.842403970038278,50.08349705426742,2274.489035133362
231.64976807545756,10.357408344240037,50.03149830798575,2389.7433269700286
228.25389488064553,9.070937493133204,50.00148984067125,2066.5251561180407
229.01717916662088,9.646573299242828,49.99664249944402,2217.0361202688755
232.69296119111206,9.915010406894535,50.02853170587444,2311.3099530933623
233.11948389456794,9.413858751548524,50.029965864809846,2191.8227915399175
227.70586880056186,9.12564348129064,49.91265350242038,2075.3683920573603
230.49947213572761,9.846052017480776,50.019289794642,2270.012903204412
229.13811239902955,10.347010043530371,50.00083899631936,2373.4650553021534
228.60593706127028,10.641054195713256,49.96066568534639,2438.866062644204
230.5696793907109,9.726356058397313,50.02640642418873,2240.3216280015245
232.28192586473082,10.366607918810796,50.06738564040675,2399.9167267485045
230.90332494656838,10.318271019037834,50.01670387840483,2383.307929130896
229.36097510016194,10.609304087167247,50.03301285326771,2431.0731763792714
231.02972235987033,9.824904484823,50.05412357275893,2263.34178681716
229.2800476528382,9.100749752407664,49.9750921354784,2088.1086814851487
230.82422860146121,10.035092926211373,49.94427285664499,2315.2770148662566
232.79293140091147,9.493103129515138,50.019705981899286,2211.4598666433444
225.84568068139833,9.638247445468997,49.99257165390676,2172.284333896758
231.59450459708006,9.84939042797341,49.958774796428855,2283.4982494013516
226.92189015685906,9.830536184325428,49.99765490191593,2224.1783612187483
232.45665542108893,10.070779633447897,50.02182642121372,2336.881094125635
228.72594878025427,10.351578158209808,49.99553085005707,2366.459964454059
227.56465724478704,9.816132208362017,49.97639517107795,2242.5138535402157
231.3905384541775,10.197848753304003,49.99329478819111,2363.6098409440183
230.72834012628482,10.007408004965253,49.999415706040956,2314.3786004734675
228.0016261940767,10.467747197939223,49.942115532121214,2393.748768885348
227.4940004856632,9.905704074446842,49.99571675140488,2271.5024082021
229.62503702501743,9.960536662112721,49.95966978583565,2287.3965451644694
227.5918260996576,9.812799776000547,50.019770778560634,2240.4150247859247
227.87705405415275,9.918875730020753,49.9531687227324,2265.3473571583727
230.23124158084286,9.608255935827064,50.03038076613653,2217.100856048506
228.0682567314898,9.558701356928243,49.98772504792358,2188.907553181751
230.85307858005308,10.387882692641362,49.98371072879684,2395.9781343697878
232.98028719176696,9.4583991584077,50.00883363791906,2201.127127180511
229.70288917019883,9.840440955151049,49.9740189666433,2261.976545674356
230.26030212397117,10.507671393135498,50.0083623726239,2418.5860907431793
234.03619346567098,9.823649602498197,49.97803673675935,2300.6820631742207
227.62479776524532,10.414370226842788,49.98329796463026,2378.3826606627467
232.38247039036148,9.704477139636579,50.01216062507987,2252.7596379420056
232.14171519582496,9.474418196824903,49.96584257798797,2197.8842958804994
231.70863467834758,9.202587072549589,49.962069880947126,2133.19044110671
232.58349570146527,10.65636203463633,50.00744676522231,2477.3523413459707
230.56114993191724,9.431564409182792,49.999193004425315,2164.9823066980607
228.83414100880145,10.373593295062546,50.00506078234428,2370.931672636805
232.18914658244114,9.500026486603309,50.00982917710164,2209.2399086461965
232.2656844234258,10.65869195896991,50.00172126661421,2482.836116663275
232.21062780298658,11.10339136230755,50.018242778719014,2572.552386146006
230.08900416463848,9.156734970154831,50.00292308860936,2101.0676186862916
228.56761097277334,9.457621782920594,49.93978088300974,2161.857185419808
230.38272450822322,10.386565931901613,49.94756346216015,2382.5073823513967
231.88446003513567,10.256521461682908,50.057838475407266,2376.103089966186
232.04870357971993,10.388460927380097,50.00000215601177,2401.948680089369
229.1406477458508,9.713122224797813,50.02850724955151,2232.5164247240023
230.63074579225477,10.993767080511684,49.98962888283119,2531.654045072997
227.3824433910281,10.059024733344888,49.99825954716818,2295.50979293044
231.96990020601172,9.39151871157824,49.98639906037187,2184.1172650749877
228.43338248654987,9.873425749978528,50.07397781994384,2252.1884543089086
231.5705107191431,9.398216551885584,50.00759727267092,2170.9900085850186
227.70139084521966,10.795470679277052,49.983954262834814,2457.175959754335
232.062831812868,9.669834368599941,49.950453808597096,2243.4859136174077
